<pattern xmlns:xsi="http://www.w3.org/2001/XMLSchema-instance" id="$PATTERN_NAME" displayName="$PATTERN_NAME" xsi:noNamespaceSchemaLocation="../../Patterns.xsd" description="" schemaVersion="8.0">
    <deletable>true</deletable>
    <discoveredClasses />
    <taskInfo className="com.hp.ucmdb.discovery.probe.services.dynamic.core.DynamicService">
        <destinationInfo className="com.hp.ucmdb.discovery.probe.tasks.BaseDestinationData">
            <destinationData name="application_port" description="">${SOURCE.application_port:NA}</destinationData>
            <destinationData name="credentials_id" description="">${SOURCE.credentials_id}</destinationData>
            <destinationData name="ip_address" description="">${SOURCE.application_ip}</destinationData>
            <destinationData name="port" description="">${SERVICE_ADDRESS.network_port_number}</destinationData>
        </destinationInfo>
        <params className="com.hp.ucmdb.discovery.probe.services.dynamic.core.DynamicServiceParams" enableAging="true" enableDebugging="false" enableRecording="false" autoDeleteOnErrors="success" recordResult="false" ignoreMissingReconciliationRules="false" useDefaultValueForAging="false">
            <script index="2">$SCRIPTS_NAME.py</script>
            <script index="1">active_directory_utils.py</script>
        </params>
        <resultMechanism isEnabled="true">
            <autoDeleteCITs isEnabled="false" />
            <automaticTouch isEnabled="true" />
        </resultMechanism>
    </taskInfo>
    <inputClass>domaincontroller</inputClass>
    <protocols>
        <protocol>ldapprotocol</protocol>
    </protocols>
    <parameters />
    <collectDiscoveredByInfo>true</collectDiscoveredByInfo>
    <RelatedDocument />
    <supportsIPv6>false</supportsIPv6>
    <integration isEnabled="false" isEnabled_cp10="false">
        <category />
    </integration>
    <reportNullValues>true</reportNullValues>
    <isInitiateAgentConnection>false</isInitiateAgentConnection>
    <inputTQL>
        <resource:XmlResourceWrapper xmlns:resource="http://www.hp.com/ucmdb/1-0-0/ResourceDefinition" xmlns:ns4="http://www.hp.com/ucmdb/1-0-0/ViewDefinition" xmlns:tql="http://www.hp.com/ucmdb/1-0-0/TopologyQueryLanguage" xmlns:ns3="http://www.hp.com/ucmdb/1-0-0/PolicyRuleDefinition">
            <resource xsi:type="tql:Query" name="Input TQL" owner="input_tql_host_ldap_ad_service" is-live="true" priority="low" group-id="2">
                <tql:node class="domaincontroller" name="SOURCE" id="-17">
                    <tql:where>
                        <tql:properties>
                            <tql:and>
                                <tql:not>
                                    <tql:is-null>
                                        <tql:property-ref name="credentials_id" />
                                    </tql:is-null>
                                </tql:not>
                                <tql:not>
                                    <tql:is-null>
                                        <tql:property-ref name="application_ip" />
                                    </tql:is-null>
                                </tql:not>
                            </tql:and>
                        </tql:properties>
                    </tql:where>
                </tql:node>
                <tql:node class="node" name="HOST" id="-18" />
                <tql:node class="ip_service_endpoint" name="SERVICE_ADDRESS" id="-10">
                    <tql:where>
                        <tql:properties>
                            <tql:or>
                                <tql:equals-case-insensitive>
                                    <tql:property-ref name="ip_service_name" />
                                    <tql:string>ldap</tql:string>
                                </tql:equals-case-insensitive>
                                <tql:contains>
                                    <tql:property-ref name="service_names" />
                                    <tql:string>ldap</tql:string>
                                </tql:contains>
                            </tql:or>
                        </tql:properties>
                        <tql:data-stores>
                            <tql:data-store>UCMDB</tql:data-store>
                        </tql:data-stores>
                    </tql:where>
                </tql:node>
                <tql:node class="ip_address" name="IpAddress" id="-15">
                    <tql:where>
                        <tql:properties>
                            <tql:not>
                                <tql:is-null>
                                    <tql:property-ref name="ip_probename" />
                                </tql:is-null>
                            </tql:not>
                        </tql:properties>
                    </tql:where>
                </tql:node>
                <tql:link from="HOST" to="SERVICE_ADDRESS" class="composition" name="Composition_2" id="-19" />
                <tql:link from="HOST" to="SOURCE" class="composition" name="Composition" id="-20" />
                <tql:link from="HOST" to="IpAddress" class="containment" name="Containment" id="-21" />
            </resource>
        </resource:XmlResourceWrapper>
    </inputTQL>
    <permissions />
</pattern>