<pattern xmlns:xsi="http://www.w3.org/2001/XMLSchema-instance" id="$PATTERN_NAME" displayName="$PATTERN_NAME" xsi:noNamespaceSchemaLocation="../../Patterns.xsd" description="" version="1.0" schemaVersion="7.0">
    <!--
            *************************
            *    T R I G G E R    *
            *************************
    -->
    <deletable>false</deletable>
    <protocols>
        <protocol>wmiprotocol</protocol>
    </protocols>
    <discoveredClasses />
    <!--
            *************************
            *    T A S K I N F O    *
            *************************
    -->
    <taskInfo className="com.hp.ucmdb.discovery.probe.services.dynamic.core.DynamicService">
        <params className="com.hp.ucmdb.discovery.probe.services.dynamic.core.DynamicServiceParams" ignoreMissingReconciliationRules="false" enableRecording="false" enableAging="true" useDefaultValueForAging="false" autoDeleteOnErrors="success" recordResult="false">
            <script index="1">$SCRIPTS_NAME.py</script>
        </params>
        <resultMechanism isEnabled="true">
            <autoDeleteCITs isEnabled="true">
                <CIT>containment</CIT>
                <candidateForDeletionCIT>interface</candidateForDeletionCIT>
                <candidateForDeletionCIT>node</candidateForDeletionCIT>
                <CIT>wmi</CIT>
            </autoDeleteCITs>
            <automaticTouch isEnabled="true" />
        </resultMechanism>
        <destinationInfo className="com.hp.ucmdb.discovery.probe.tasks.BaseDestinationData">
            <destinationData name="ip_address" description="">${SOURCE.name}</destinationData>
            <destinationData name="ip_domain" description="">${SOURCE.routing_domain}</destinationData>
        </destinationInfo>
    </taskInfo>
    <inputClass>ip_address</inputClass>
    <licenseType>inventory</licenseType>
    <parameters />
    <isInitiateAgentConnection>true</isInitiateAgentConnection>
    <supportsIPv6>true</supportsIPv6>
    <integration isEnabled="false" isEnabled_cp10="false">
        <category />
    </integration>
    <collectDiscoveredByInfo>true</collectDiscoveredByInfo>
    <reportNullValues>true</reportNullValues>
    <RelatedDocument />
    <inputTQL>
        <resource:XmlResourceWrapper xmlns:resource="http://www.hp.com/ucmdb/1-0-0/ResourceDefinition" xmlns:ns4="http://www.hp.com/ucmdb/1-0-0/ViewDefinition" xmlns:tql="http://www.hp.com/ucmdb/1-0-0/TopologyQueryLanguage" xmlns:ns3="http://www.hp.com/ucmdb/1-0-0/PolicyRuleDefinition">
            <resource xsi:type="tql:Query" name="Input TQL" owner="Input TQL" is-live="true" priority="low" group-id="2">
                <tql:node class="ip_address" name="SOURCE" id="1">
                    <tql:where>
                        <tql:links>
                            <tql:link-ref name="Containment" min-occurs="0" />
                        </tql:links>
                    </tql:where>
                </tql:node>
                <tql:node class="node" name="HOST" id="-10">
                    <tql:where>
                        <tql:properties>
                            <tql:equals>
                                <tql:property-ref name="host_iscomplete" />
                                <tql:boolean>true</tql:boolean>
                            </tql:equals>
                        </tql:properties>
                    </tql:where>
                </tql:node>
                <tql:link from="HOST" to="SOURCE" class="containment" name="Containment" id="-13" />
            </resource>
        </resource:XmlResourceWrapper>
    </inputTQL>
    <permissions />
</pattern>