<pattern xmlns:xsi="http://www.w3.org/2001/XMLSchema-instance" id="$PATTERN_NAME" xsi:noNamespaceSchemaLocation="../../Patterns.xsd" description="" schemaVersion="9.0" displayName="$PATTERN_NAME">
    <deletable>true</deletable>
    <discoveredClasses>
        <discoveredClass>node</discoveredClass>
    </discoveredClasses>
    <taskInfo className="com.hp.ucmdb.discovery.probe.services.dynamic.core.DynamicService">
        <params className="com.hp.ucmdb.discovery.probe.services.dynamic.core.DynamicServiceParams"
                ignoreMissingReconciliationRules="false" enableRecording="false" enableAging="true"
                useDefaultValueForAging="false" autoDeleteOnErrors="success" recordResult="false">
            <script index="1">$SCRIPTS_NAME.py</script>
        </params>
        <destinationInfo className="com.hp.ucmdb.discovery.probe.tasks.BaseDestinationData">
            <destinationData name="Protocol" description="">${SOURCE.root_class}</destinationData>
            <destinationData name="connected_os_credentials_id" description="">${SOURCE.connected_os_credentials_id:NA}</destinationData>
            <destinationData name="credentialsId" description="">${SOURCE.credentials_id}</destinationData>
            <destinationData name="hostId" description="">${SOURCE.root_container}</destinationData>
            <destinationData name="host_ips" description="">${IpAddress.name}</destinationData>
            <destinationData name="ip_address" description="">${SOURCE.application_ip}</destinationData>
            <destinationData name="language" description="">${SOURCE.language:NA}</destinationData>
        </destinationInfo>
        <resultMechanism isEnabled="true">
            <autoDeleteCITs isEnabled="false" />
            <automaticTouch isEnabled="true" />
        </resultMechanism>
    </taskInfo>
    <inputClass>shell</inputClass>
    <integration isEnabled="false" isEnabled_cp10="false">
        <category />
    </integration>
    <protocols>
        <protocol>ntadminprotocol</protocol>
        <protocol>sshprotocol</protocol>
        <protocol>telnetprotocol</protocol>
        <protocol>udaprotocol</protocol>
    </protocols>
    <supportsIPv6>true</supportsIPv6>
    <RelatedDocument />
    <parameters>
        <parameter name="remoteCommandUNIX" description="Shell command to be executed on the remote UNIX machines" type="string">echo "UNIX testing"</parameter>
        <parameter name="remoteCommandWin" description="Shell command to be executed on the remote Windows machines" type="string">echo "Windows testing"</parameter>
        <parameter name="storeToAttribute" description="The system name of the attribute of the Node CI to store the command result" type="string">data_note</parameter>
    </parameters>
    <collectDiscoveredByInfo>true</collectDiscoveredByInfo>
    <reportNullValues>true</reportNullValues>
    <isInitiateAgentConnection>false</isInitiateAgentConnection>
    <ConfigurationFiles>
        <ConfigurationFile>globalSettings.xml</ConfigurationFile>
    </ConfigurationFiles>
    <inputTQL>
        <resource:XmlResourceWrapper xmlns:resource="http://www.hp.com/ucmdb/1-0-0/ResourceDefinition" xmlns:ns3="http://www.hp.com/ucmdb/1-0-0/PolicyRuleDefinition" xmlns:tql="http://www.hp.com/ucmdb/1-0-0/TopologyQueryLanguage" xmlns:ns5="http://www.hp.com/ucmdb/1-0-0/ViewDefinition">
            <resource xsi:type="tql:Query" name="None" owner="Shell_Host_IpAddress" is-live="true" priority="low" group-id="2">
                <tql:node class="shell" name="SOURCE" id="1" />
                <tql:node class="ip_address" name="IpAddress" id="-11">
                    <tql:where>
                        <tql:properties>
                            <tql:not>
                                <tql:is-null>
                                    <tql:property-ref name="ip_probename" />
                                </tql:is-null>
                            </tql:not>
                        </tql:properties>
                    </tql:where>
                </tql:node>
                <tql:node class="node" name="Host" id="-10" />
                <tql:link from="Host" to="SOURCE" class="composition" name="Composition" id="-13" />
                <tql:link from="Host" to="IpAddress" class="containment" name="Containment" id="-12" />
            </resource>
        </resource:XmlResourceWrapper>
    </inputTQL>
    <permissions>
        <protocol name="Shell">
            <permission type="exec" description="Any command">
                <object name="Any command" description="Windows/UNIX">
                    <parameter value="-l" />
                </object>
            </permission>
        </protocol>
    </permissions>
</pattern>