<pattern xmlns:xsi="http://www.w3.org/2001/XMLSchema-instance" id="$PATTERN_NAME" xsi:noNamespaceSchemaLocation="../../Patterns.xsd" description="" schemaVersion="9.0" displayName="$PATTERN_NAME">
    <deletable>true</deletable>
    <discoveredClasses />
    <taskInfo className="com.hp.ucmdb.discovery.probe.services.dynamic.core.DynamicService">
        <params className="com.hp.ucmdb.discovery.probe.services.dynamic.core.DynamicServiceParams" ignoreMissingReconciliationRules="false" enableRecording="false" enableAging="true" useDefaultValueForAging="false" autoDeleteOnErrors="success" recordResult="false">
            <script index="1">$SCRIPTS_NAME.py</script>
        </params>
        <destinationInfo className="com.hp.ucmdb.discovery.probe.tasks.BaseDestinationData">
            <destinationData name="probeName" description="">${SOURCE.name}</destinationData>
        </destinationInfo>
        <resultMechanism isEnabled="true">
            <autoDeleteCITs isEnabled="false" />
            <automaticTouch isEnabled="true" />
        </resultMechanism>
    </taskInfo>
    <inputClass>discoveryprobegateway</inputClass>
    <integration isEnabled="false" isEnabled_cp10="false">
        <category />
    </integration>
    <protocols />
    <supportsIPv6>false</supportsIPv6>
    <RelatedDocument />
    <parameters />
    <collectDiscoveredByInfo>true</collectDiscoveredByInfo>
    <reportNullValues>true</reportNullValues>
    <isInitiateAgentConnection>false</isInitiateAgentConnection>
    <overrideDomain>${SOURCE.name}</overrideDomain>
    <permissions />
</pattern>