<?xml version="1.0" encoding="UTF-8"?>
<job id="$JOB_NAME" displayName="$JOB_NAME">
    <patternId>$SCRIPTS_NAME</patternId>
    <InvokeOnArrival>true</InvokeOnArrival>
    <parameters/>
    <schedule>
        <offsetElem>0</offsetElem>
        <generatedFromElem>1</generatedFromElem>
        <schedularType>scheduler_simple_Schedule</schedularType>
        <timeExpElem>Days_1</timeExpElem>
    </schedule>
    <triggers>
        <trigger domainsLimit="">host_shell</trigger>
    </triggers>
</job>