<pattern xmlns:xsi="http://www.w3.org/2001/XMLSchema-instance" id="$PATTERN_NAME"
         xsi:noNamespaceSchemaLocation="../../Patterns.xsd" description="" schemaVersion="9.0"
         displayName="$PATTERN_NAME">
    <deletable>true</deletable>
    <discoveredClasses/>
    <taskInfo className="com.hp.ucmdb.discovery.probe.services.dynamic.core.DynamicService">
        <params className="com.hp.ucmdb.discovery.probe.services.dynamic.core.DynamicServiceParams"
                ignoreMissingReconciliationRules="false" enableRecording="true" enableAging="true"
                useDefaultValueForAging="false" autoDeleteOnErrors="success" recordResult="false">
            <script index="1">$SCRIPTS_NAME.py</script>
        </params>
        <destinationInfo className="com.hp.ucmdb.discovery.probe.tasks.BaseDestinationData">
            <destinationData name="ip_address" description="">${SOURCE.name}</destinationData>
            <destinationData name="ip_domain" description="">${SOURCE.routing_domain}</destinationData>
            <destinationData name="ip_mac" description="">${SOURCE.arp_mac:NA}</destinationData>
        </destinationInfo>
        <resultMechanism isEnabled="true">
            <autoDeleteCITs isEnabled="false"/>
            <automaticTouch isEnabled="true"/>
        </resultMechanism>
    </taskInfo>
    <inputClass>ip_address</inputClass>
    <integration isEnabled="false" isEnabled_cp10="false">
        <category/>
    </integration>
    <protocols/>
    <supportsIPv6>false</supportsIPv6>
    <RelatedDocument/>
    <parameters/>
    <collectDiscoveredByInfo>true</collectDiscoveredByInfo>
    <reportNullValues>true</reportNullValues>
    <isInitiateAgentConnection>false</isInitiateAgentConnection>
    <inputTQL>
        <resource:XmlResourceWrapper xmlns:resource="http://www.hp.com/ucmdb/1-0-0/ResourceDefinition"
                                     xmlns:ns4="http://www.hp.com/ucmdb/1-0-0/ViewDefinition"
                                     xmlns:tql="http://www.hp.com/ucmdb/1-0-0/TopologyQueryLanguage"
                                     xmlns:ns3="http://www.hp.com/ucmdb/1-0-0/PolicyRuleDefinition">
            <resource xsi:type="tql:Query" name="None" owner="iput tql" is-live="true" priority="low" group-id="2">
                <tql:node class="ip_address" name="SOURCE" id="1"/>
                <tql:node class="node" name="Node" id="-10"/>
                <tql:link from="Node" to="SOURCE" class="containment" name="Containment" id="-11"/>
            </resource>
        </resource:XmlResourceWrapper>
    </inputTQL>
    <permissions/>
</pattern>