<pattern xmlns:xsi="http://www.w3.org/2001/XMLSchema-instance" id="sql template" displayName="sql template" xsi:noNamespaceSchemaLocation="../../Patterns.xsd" description="" schemaVersion="7.0">
    <deletable>false</deletable>
    <parameters />
    <discoveredClasses />
    <taskInfo className="com.hp.ucmdb.discovery.probe.services.dynamic.core.DynamicService">
        <destinationInfo className="com.hp.ucmdb.discovery.probe.tasks.BaseDestinationData">
            <destinationData name="application_port" description="">${DB.application_port:NA}</destinationData>
            <destinationData name="ip_address" description="">${IpAddress.name}</destinationData>
            <destinationData name="sid" description="">${DB.name:NA}</destinationData>
        </destinationInfo>
        <params className="com.hp.ucmdb.discovery.probe.services.dynamic.core.DynamicServiceParams" enableDebugging="false" enableRecording="false" enableAging="true" autoDeleteOnErrors="success" recordResult="false" ignoreMissingReconciliationRules="false" useDefaultValueForAging="false">
            <script index="1">sql_template.py</script>
        </params>
        <resultMechanism isEnabled="true">
            <autoDeleteCITs isEnabled="false" />
            <automaticTouch isEnabled="true" />
        </resultMechanism>
    </taskInfo>
    <protocols>
        <protocol>sqlprotocol</protocol>
    </protocols>
    <inputClass>node</inputClass>
    <isInitiateAgentConnection>true</isInitiateAgentConnection>
    <collectDiscoveredByInfo>true</collectDiscoveredByInfo>
    <RelatedDocument />
    <supportsIPv6>true</supportsIPv6>
    <integration isEnabled="false" isEnabled_cp10="false">
        <category />
    </integration>
    <reportNullValues>true</reportNullValues>
    <inputTQL>
        <resource:XmlResourceWrapper xmlns:resource="http://www.hp.com/ucmdb/1-0-0/ResourceDefinition" xmlns:ns4="http://www.hp.com/ucmdb/1-0-0/ViewDefinition" xmlns:tql="http://www.hp.com/ucmdb/1-0-0/TopologyQueryLanguage" xmlns:ns3="http://www.hp.com/ucmdb/1-0-0/PolicyRuleDefinition">
            <resource xsi:type="tql:Query" name="Input TQL" owner="IP_and_HOST" is-live="true" priority="low" group-id="2">
                <tql:node class="node" name="SOURCE" id="-17">
                    <tql:where>
                        <tql:links>
                            <tql:link-ref name="Containment" />
                            <tql:link-ref name="Composition_2" min-occurs="0" />
                            <tql:link-ref name="Composition" min-occurs="0" />
                        </tql:links>
                    </tql:where>
                </tql:node>
                <tql:node class="oracle" name="DB" id="-20" />
                <tql:node class="ip_address" name="IpAddress" id="-14">
                    <tql:where>
                        <tql:properties>
                            <tql:not>
                                <tql:is-null>
                                    <tql:property-ref name="ip_probename" />
                                </tql:is-null>
                            </tql:not>
                        </tql:properties>
                    </tql:where>
                </tql:node>
                <tql:node class="ip_service_endpoint" name="SA" id="-15">
                    <tql:where>
                        <tql:properties>
                            <tql:or>
                                <tql:equals-case-insensitive>
                                    <tql:property-ref name="ip_service_name" />
                                    <tql:string>oracle</tql:string>
                                </tql:equals-case-insensitive>
                                <tql:contains>
                                    <tql:property-ref name="service_names" />
                                    <tql:string>oracle</tql:string>
                                </tql:contains>
                            </tql:or>
                        </tql:properties>
                        <tql:data-stores>
                            <tql:data-store>UCMDB</tql:data-store>
                        </tql:data-stores>
                    </tql:where>
                </tql:node>
                <tql:link from="SOURCE" to="IpAddress" class="containment" name="Containment" id="-18" />
                <tql:link from="SOURCE" to="SA" class="composition" name="Composition_2" id="-19" />
                <tql:link from="SOURCE" to="DB" class="composition" name="Composition" id="-21" />
            </resource>
        </resource:XmlResourceWrapper>
    </inputTQL>
    <permissions />
</pattern>