<?xml version="1.0" encoding="UTF-8"?>
<job id="WMI_Template" displayName="WMI_Template">
    <patternId>WMI_Template</patternId>
    <InvokeOnArrival>true</InvokeOnArrival>
    <parameters/>
    <schedule>
        <offsetElem>0</offsetElem>
        <generatedFromElem>1</generatedFromElem>
        <schedularType>scheduler_simple_Schedule</schedularType>
        <timeExpElem>Days_1</timeExpElem>
    </schedule>
    <triggers>
        <trigger>ip_with_wmi_or_without_host</trigger>
    </triggers>
</job>